Date,Open,Close,High,Low,Volume,sent_mean_t,pos_share_t,neg_share_t,neu_share_t,n_headlines_t,strong_pos,strong_neg,tail_diff_t,source_diversity_t,log_ret_t1,Next_Open
2019-01-01,2803.97371322409,2789.9129283653197,2812.4094203802533,2787.614134031113,2719332214,-0.011153419743079818,0.210243019336333,0.19016502360404275,0.3132757418249705,58,0.08028912618263873,0.2977326868124337,0.131995612990219,3,0.002628486852501976,2802.86759881472
2019-01-02,2802.86759881472,2797.2558239417576,2827.684753504014,2776.800657186182,2731799979,0.16686425754610434,0.25562014090859025,0.2008719166491137,0.4215785604962895,38,0.031724828905275594,0.11589695192293976,-0.0015676855545048163,1,0.006050907944751609,2808.049107119526
2019-01-03,2808.049107119526,2814.233073517859,2816.496212913461,2768.9936711623636,2449115440,-0.3603487452436871,0.08313116818546211,0.21911698430659055,0.5612651162125132,22,0.1763984339443272,0.17215237623135402,0.19425997992505306,5,0.0029306828779759523,2820.23334597079
2019-01-04,2820.23334597079,2822.492795602268,2820.9999668069854,2777.422805535226,3939392359,-0.47002641012732205,0.26550362056815563,0.25124724992019243,0.675321927379393,56,0.16475561802023306,0.12468116877220065,-0.13836428467854578,3,-0.004315762141338528,2818.3601189730034
2019-01-07,2818.3601189730034,2810.337835874636,2815.794826254011,2769.8276144245706,2585963466,-0.19207005840880909,0.2806892976283486,0.11745518003205359,0.6484817929052208,26,0.14434431054343586,0.2541815003165578,0.31204562037220207,2,-0.0013793875360681885,2816.48702331741
2019-01-08,2816.48702331741,2806.463963291706,2811.8978231838933,2790.8866709432696,2533520700,0.2046807627366467,0.171765479704734,0.2562623525450155,0.606425910614121,54,0.05430940948224847,0.2706709210386714,-0.3325589483109197,4,0.003604903512734944,2829.1207258414693
2019-01-09,2829.1207258414693,2816.599252485199,2807.1586717899827,2794.833214150317,2886806466,-0.29814654787705164,0.20156323443774438,0.1745639205658634,0.6153789373013194,41,0.08048932748673379,0.263206683661578,0.24575145503295048,2,-0.0020120196400937296,2835.2602036746925
2019-01-10,2835.2602036746925,2810.937896760249,2800.246745632544,2796.311903139876,3701757562,0.1734324333249173,0.24120245022574888,0.0692645697835828,0.5659939613903981,57,0.020549650490484673,0.29231167160377725,0.28905570065207264,4,0.001262324196034763,2831.5044085872128
2019-01-11,2831.5044085872128,2814.4884521854187,2800.6349186561024,2789.445040898426,2135661445,0.46991204610727044,0.09370965681510314,0.0646377323109948,0.40411474302640116,31,0.03780790494550634,0.008255755542124587,0.25380184909345693,3,0.0021994263002817426,2835.8448889359006
2019-01-14,2835.8448889359006,2820.6855246128534,2793.987317724814,2795.047519933698,2407062536,-0.4060992842105816,0.17564151911586062,0.13355957967401522,0.6628780122823319,13,0.1566033274633466,0.2519448486436593,0.010181115409420793,1,-0.002632412668504585,2832.137547393401
2019-01-15,2832.137547393401,2813.2700808402287,2796.150972331053,2790.442417323796,3873517317,0.17260211822512628,0.14966575694307827,0.24622424427786688,0.5682929247623336,14,0.14300774377013678,0.22553165191172797,-0.04929201597539096,2,-0.0001692845488841301,2828.4117093648388
2019-01-16,2828.4117093648388,2812.793877991734,2795.7490674554597,2791.4184958409587,2500812872,-0.05624978069542885,0.08659349804056228,0.22692023368522896,0.5241762523921759,46,0.11869715259518694,0.06860832282010944,0.39700982921990147,2,-0.009261396262333129,2830.347407537367
2019-01-17,2830.347407537367,2786.8637392711817,2793.8374830805287,2811.8991721471093,2223214950,0.36814225437750536,0.14188360557288288,0.24715374116810163,0.3443957876853924,50,0.1791453451852346,0.28689602801625824,-0.21666243902867033,2,-0.002944949915935804,2815.0411655801045
2019-01-18,2815.0411655801045,2778.6686381405075,2786.5769737841956,2811.130692949312,2485091550,-0.3228502105526141,0.0670430773463734,0.17931726411040233,0.47882221752257015,58,0.11665330356260908,0.04445337846898364,0.03750077270083568,4,-0.00072742757904067,2801.2418229200002
2019-01-21,2801.2418229200002,2776.648092929362,2781.962803139649,2820.3248795595973,2177366431,0.19262595222616452,0.05645297673737175,0.16004974948887263,0.4841433084807705,22,0.09339359999272215,0.20386497814017251,0.13654042030586044,3,-0.0036015554555336024,2796.7435226860725
2019-01-22,2796.7435226860725,2766.6658274736433,2788.005932946255,2814.69946815859,3283490344,0.3381152896481102,0.08379157228870569,0.08686313167657099,0.6458254438090679,43,0.06807414926115254,0.06746706504477375,0.16069410868914558,2,0.004709121550728049,2788.6408737233974
2019-01-23,2788.6408737233974,2779.7251179050963,2792.0132704472503,2814.4195602346144,2897908081,0.44461421947402324,0.29077877789729345,0.1320481884023279,0.5186592880751153,54,0.18808970114723453,0.1294141946322224,-0.23678026740913705,2,-0.004124415452879604,2791.1548523841593
2019-01-24,2791.1548523841593,2768.2839868814112,2784.192828488862,2828.5859653196985,3869177547,0.18324802828964581,0.18738238397375423,0.15850484154346883,0.4521602195881638,31,0.0165430923048707,0.21574796908337068,0.12319527387184093,1,-0.0012724836696595516,2783.8906597799896
2019-01-25,2783.8906597799896,2764.7636309878353,2784.9874869322957,2823.5702288573966,3593300231,-0.0028252359915726943,0.291455540288305,0.07215010741990431,0.6907201314042637,32,0.1861774744121617,0.168997392609914,0.2546956531850698,1,0.00037823371844818984,2772.592230169307
2019-01-28,2772.592230169307,2765.809555606124,2790.99858391927,2838.069817321372,3921355591,0.11784724020121384,0.158124469582533,0.10515298817780282,0.34428823733052627,12,0.16534293198620367,0.1282505493984335,-0.35998513854311026,3,0.0041601632296081265,2784.31742032068
2019-01-29,2784.31742032068,2777.339741918653,2777.643341670299,2843.7318328050155,2919496369,0.3689049844787182,0.12795403327131488,0.19955632351593472,0.4690193713247778,51,0.02598598490714026,0.09790152927959617,0.3292170346602532,3,-0.004144511839497213,2782.5112099167877
2019-01-30,2782.5112099167877,2765.8528447092176,2781.9902232093386,2839.2320985978618,2538179419,0.07060974663882968,0.176535465710061,0.23391577855979745,0.3168098700685621,43,0.11299687153505072,0.25189789671263707,-0.37639675588383525,5,0.0033587079202296154,2783.051435554291
2019-01-31,2783.051435554291,2775.1581547264573,2776.6892331377717,2844.291360510306,3295912253,-0.46961294030316314,0.15987792215822755,0.2995868778482374,0.5959616483067721,41,0.17330959634981738,0.04314430509444411,-0.11522317400928456,1,2.949860013521851e-05,2771.6534500645835
2019-02-01,2771.6534500645835,2775.2400192146138,2781.254022486517,2852.0717961073196,3217291347,0.4309486955069778,0.07641617106543598,0.28327833283588943,0.6672306208796602,54,0.11436183272143075,0.12903086295894,-0.3873494430136304,5,-0.0028333398903551896,2767.2983882683816
2019-02-04,2767.2983882683816,2767.3879500062303,2775.147949234177,2857.046275805057,3457927485,0.18952675103156114,0.21020657867255155,0.21064129988379787,0.4120149318201958,58,0.18143996431212447,0.2711272715325426,-0.33828386516833453,4,0.0013349630935487757,2768.185768986061
2019-02-05,2768.185768986061,2771.0847778003363,2760.7088924288605,2844.4844780459334,2482144366,0.1765133857772465,0.1040095456273999,0.15531201332351802,0.6433366707196483,30,0.18859676336320852,0.2537548651379903,0.32893462814406327,5,0.0005745115316504509,2758.9778203666824
2019-02-06,2758.9778203666824,2772.6772553649243,2747.688552925795,2838.6673806393346,3352163578,-0.2843248476022828,0.20489698872445739,0.20904434117705817,0.41688729218475906,55,0.08447690443686118,0.120282528741914,-0.11611133540308177,2,-0.0017333058320437684,2761.9834045134476
2019-02-07,2761.9834045134476,2767.875520347654,2748.0732324990863,2836.6872315549226,2344090630,0.1588854702326572,0.21255027309953833,0.24641290452005798,0.6643080646575661,53,0.07546273228126472,0.22893250908039248,-0.060182775659957666,5,0.00020172885425313793,2757.178294994097
2019-02-08,2757.178294994097,2768.433937027574,2750.1510125128584,2836.091764122122,2690717130,-0.10613559434584152,0.08800621328216203,0.07958404773084683,0.6015847614387135,30,0.18726423079383137,0.24694824921265776,-0.2277244948939579,3,-0.0011140689022944102,2754.844744995751
2019-02-11,2754.844744995751,2765.35142825268,2742.916479512023,2841.0571409025274,3695724627,0.15123297704149208,0.06533740677766704,0.15247622242407205,0.6219627107365755,53,0.13502801222993363,0.2666662272010889,0.07767661614937582,4,0.00032834513162474936,2750.031092097916
2019-02-12,2750.031092097916,2766.2595670146898,2748.025219182242,2842.4787489099936,2227639503,-0.3934069696920093,0.24519039651710994,0.2599505714089043,0.3072026222401818,20,0.023204536269633858,0.16335173071476838,0.07584257174223169,2,0.0019130454460851629,2764.8493175739873
2019-02-13,2764.8493175739873,2771.556612410858,2734.7330586840903,2831.795994040313,2204407683,0.15784530460303603,0.16495010594233006,0.14595823798326102,0.6851241428296103,48,0.00845834984453624,0.06133826581641354,-0.10223968653982463,5,0.004567534282525046,2764.741339776084
2019-02-14,2764.741339776084,2784.244746940021,2734.204420294912,2834.8375768483606,2418655621,0.49941372577066656,0.06454094887636895,0.19296806780679665,0.5906683968281292,13,0.11292581019945264,0.07659272295117948,-0.1335721025556813,4,-0.003562968257971588,2756.2796523444367
2019-02-15,2756.2796523444367,2774.3422229494063,2724.516290696812,2839.722262810631,3362783545,-0.45178796113944397,0.2987165792924418,0.19694234021554957,0.4219004381544533,10,0.18603419308768493,0.08870840221248126,0.3079714465444703,4,0.006131904743050397,2762.860011641262
2019-02-18,2762.860011641262,2791.4064899466566,2719.3016018343947,2844.2005863940794,3219051541,0.4771741842213173,0.06444514024909166,0.09611906328340984,0.6317578659435388,37,0.1688497404811637,0.17814074424288465,-0.09337260828623889,2,-0.005610272237317252,2753.093262441494
2019-02-19,2753.093262441494,2775.7897875504764,2719.680791204926,2852.8468321985165,3942692249,-0.09309203927712939,0.2237588072146383,0.14055886041307208,0.41260847936597195,33,0.13516954929286729,0.009842887238582532,-0.0051992062764734115,5,-0.000437549860329223,2754.764171201532
2019-02-20,2754.764171201532,2774.575506790192,2712.7974842826548,2859.5182094349075,2616661506,0.37075345033725915,0.2959197313158534,0.13362782218548303,0.6491015358264511,44,0.027823169778217506,0.19081274063399048,-0.1733561900600555,4,0.0016948719822656587,2739.0868102104937
2019-02-21,2739.0868102104937,2779.282044442068,2709.721039928816,2863.1916500687353,2175037566,0.28238548405827346,0.1097950260539814,0.0565491771330162,0.3450321561647748,22,0.05084627674973912,0.1093062715284696,0.22941560268570194,4,0.0008084916572246259,2728.4613218193062
2019-02-22,2728.4613218193062,2781.5299793839486,2717.7713824025313,2862.630324377066,2113398568,0.0670162609866678,0.08556234217179905,0.056047940972838814,0.5814743909843183,56,0.17510224531052324,0.08857254074689265,-0.08204147448072668,1,-0.0017925610858651353,2730.0362117062596
2019-02-25,2730.0362117062596,2776.548383225384,2713.1562474463462,2849.342636908938,2704372411,0.2384492092513265,0.08034623485560723,0.2579242609189434,0.5162793906579641,43,0.036561447331380094,0.2638489712184379,0.010888837235459636,4,-0.0005998373451134928,2735.943944346223
2019-02-26,2735.943944346223,2774.8834052225257,2719.8417843428674,2852.7795826619986,2994669417,0.3785155613013479,0.1258187868918989,0.1182677024932031,0.3386137880781763,20,0.055687881650086916,0.13800071867423966,-0.1973142639522709,1,-0.0014223347129179017,2737.3148905957423
2019-02-27,2737.3148905957423,2770.939397745255,2710.8041295056064,2854.4410841593035,3883803661,-0.09585967834896703,0.07526145275266168,0.17951969155970388,0.3967575313035356,45,0.02592013023908839,0.028515913659807834,0.3901276738730014,5,-0.0017030087241233518,2736.3897043366364
2019-02-28,2736.3897043366364,2766.224479689701,2715.042562928929,2856.6137148568664,2350598090,-0.1729668384367613,0.22304033542353296,0.12468139339719327,0.3049616145109259,26,0.13522164628288222,0.2480240304078741,-0.16680340726102172,5,0.0024540597987281042,2733.980874771922
2019-03-01,2733.980874771922,2773.0212964658695,2726.575111894192,2846.399726250304,2965622737,0.16759338556358472,0.06557294953251568,0.2851698112788351,0.4875071861858023,44,0.18879646107264192,0.01429237723095198,0.21659402472444134,5,0.001029438195111772,2722.1526988489827
2019-03-04,2722.1526988489827,2775.87742035359,2706.8019558931737,2837.751273927038,2259210229,0.3078459419412586,0.17735553203744742,0.11482418971644344,0.42050610430400015,27,0.053793606319077196,0.218024767250459,-0.05800347971459263,3,-0.001998942356951008,2716.393945181825
2019-03-05,2716.393945181825,2770.3341435915045,2700.42679384941,2846.176496753701,2400628747,0.26228513477661575,0.2991742134632442,0.15741420318473376,0.5393429937191034,49,0.09508132157001475,0.23217186653119953,-0.2350260759326881,5,0.0025944405383117966,2712.7088350141466
2019-03-06,2712.7088350141466,2777.530942594971,2705.0433708668543,2845.860055522848,3061300310,0.2978136488586345,0.2534925673765047,0.2681825626211505,0.41889512308344684,31,0.12686794794224085,0.10578078177865745,0.23977501117188893,4,0.000884709799660454,2721.1658128238982
2019-03-07,2721.1658128238982,2779.9893387619836,2703.41900777851,2851.312061101829,2645508619,-0.064416685187067,0.20380485955775274,0.26048339169795215,0.41996764460279384,33,0.19989324964312616,0.247436356883336,-0.13311456877676547,2,0.002336448911931479,2723.9147591404458
2019-03-08,2723.9147591404458,2786.492235712695,2706.3881747654805,2851.5386081108727,2685239180,0.3178342161750216,0.12656340519665293,0.09652535446156933,0.5972772794926413,28,0.020961612999514424,0.15469782175693603,0.2921546779182489,1,0.0018060282136095201,2709.810437897544
2019-03-11,2709.810437897544,2791.529266448084,2701.556293271754,2851.776657226839,3596798252,-0.37979094462939156,0.2059739590729096,0.2506608274489276,0.31925713439134135,46,0.09971415990114184,0.13898809598183903,0.3322057479342585,3,-0.002378570981804943,2712.4031096527024
2019-03-12,2712.4031096527024,2784.8973063607073,2702.2490115715373,2859.2829276746465,2497108210,0.044489097960849544,0.1817603659779129,0.16454672168447315,0.6611579980767949,48,0.07702402398050001,0.013620984440607763,0.28785906831302077,5,-0.0016104931233216757,2709.3224514093718
2019-03-13,2709.3224514093718,2780.4158580391318,2701.0035936884005,2855.1545698489076,2941516921,-0.49424133950187843,0.15652084597259286,0.17074221802133882,0.6409055497564725,30,0.17316403304447103,0.08700875809467176,-0.3719936681545555,5,0.002147855259865216,2703.907075406924
2019-03-14,2703.907075406924,2786.394206880118,2710.345850181679,2855.9235360644357,3413119122,-0.1754141700997297,0.08267759418504987,0.08336999310398595,0.5671218732905625,17,0.09519354620233118,0.27930299126558994,0.22989867600408453,2,0.0017508967602609905,2708.800485717651
2019-03-15,2708.800485717651,2791.2771690035856,2712.3812169280886,2852.225333754795,3446956387,-0.13353846512860212,0.27165105381011667,0.07015037843928117,0.5372886280429536,37,0.02219550491702962,0.11754718898505,-0.0709284268006849,2,-5.9907257598377695e-05,2717.048481897619
2019-03-18,2717.048481897619,2791.1099562518725,2715.08203822469,2848.7493639353365,3049170604,-0.10382730839074461,0.16244616220533065,0.23198482674344129,0.6569209992558609,14,0.12688482905731674,0.1640101561670305,0.29897833614578007,3,0.0003362322850068593,2724.4987228505483
2019-03-19,2724.4987228505483,2792.0485753183425,2711.7870224957105,2846.2759869475876,2782190471,0.19546720668986217,0.09865562795519127,0.17411528808882493,0.3741320718114858,26,0.15415612365277598,0.15960650369527554,0.11036341014779105,1,0.003654182576588515,2717.784982664767
2019-03-20,2717.784982664767,2802.26989448465,2707.886172703131,2848.0530571206573,3597009628,-0.11144189872965427,0.1419398377193224,0.15921267565379488,0.3315876648763314,46,0.0005762503331229185,0.177129326946808,0.26691450731516675,5,-0.0016902625584449677,2715.3112836579576
2019-03-21,2715.3112836579576,2797.5373233739633,2704.425707200574,2844.2230681473493,3244245622,-0.05130637737746935,0.15353243813223177,0.2323770571630992,0.39580406796381523,45,0.17179133708412592,0.018399286692984785,-0.000454584106531708,3,0.0015632888323857726,2717.961391109186
2019-03-22,2717.961391109186,2801.9141024233236,2707.5813243396,2854.2691171519377,3862535476,-0.26245586912567254,0.2568844738917186,0.24137822474777743,0.6178313114800761,28,0.037204600001133126,0.10865287643961848,0.028020403679146266,4,-0.0005774653477145451,2725.765752126165
2019-03-25,2725.765752126165,2800.2965612038524,2704.213448493038,2847.1122587341815,2681644726,-0.12674820837065992,0.23340359514035053,0.0897270419173384,0.31386810669059334,36,0.11041387293067557,0.21693848216476624,-0.28448989429306626,4,-0.0006220738764849563,2721.9323582234024
2019-03-26,2721.9323582234024,2798.555111578035,2706.5316473482094,2845.6172855808904,2187525407,-0.2727303727368485,0.24232622341033494,0.20255628736941034,0.5331227340333958,43,0.08315950013749003,0.06016807532189487,0.22718988695148434,3,0.0031360606979669156,2720.447086410092
2019-03-27,2720.447086410092,2807.3453263939323,2723.134853737373,2842.099437114697,2694378283,-0.42680407623155636,0.052757816107161806,0.08383852056942138,0.698175006476524,20,0.14393076332210608,0.06107351326390813,-0.06448831066642269,5,0.002349399924127294,2711.5964066180436
2019-03-28,2711.5964066180436,2813.9486571858365,2730.1038513648264,2853.6752601895273,2237784657,0.1034485933813779,0.15403849954494037,0.23784377150726144,0.6422784375350157,54,0.07423232295714836,0.0030271820067074183,6.409461726608612e-05,3,0.0023101213101040068,2702.026753625398
2019-03-29,2702.026753625398,2820.4567342738414,2727.495663107484,2855.24769840162,2089597893,0.16821279855501625,0.1703360379088309,0.2142387890667849,0.5085782756174357,56,0.17395263533634217,0.13124457798246292,0.22807817127656616,5,0.0036960474427262086,2708.526960204552
2019-04-01,2708.526960204552,2830.9005647310764,2737.1053744847954,2863.502454717369,2941464465,0.1194903460096145,0.054798069205764174,0.2891536552708645,0.3254563637146569,21,0.14609927219175806,0.2648203142020266,0.0790763200635512,2,5.935416755459034e-05,2719.3768804331185
2019-04-02,2719.3768804331185,2831.0685954641385,2733.840771500623,2851.617971733073,2658259666,-0.03650595619942765,0.11495330218625856,0.0672395040891053,0.632549405754284,30,0.1295426342125843,0.015570283076192702,-0.23912101804586605,3,0.001925200215960817,2718.800799460476
2019-04-03,2718.800799460476,2836.524219234498,2717.5357752192,2853.754373860027,2981205653,-0.12021421982077019,0.24007245578053377,0.06426368028781358,0.5395914032708842,20,0.15924811911257086,0.05733561284880079,0.07218612732071417,5,-0.0008754449125623249,2726.829062643612
2019-04-04,2726.829062643612,2834.0420851817503,2709.4710847318606,2860.8714202250144,3427280420,0.36333364957182523,0.08427742643224977,0.12054676867330004,0.3459731988238267,48,0.15080460698567646,0.09302536150282652,-0.07389371361627539,3,0.0009146459131770451,2729.722150843993
2019-04-05,2729.722150843993,2836.635416001658,2694.504749363654,2861.529692139218,2182444343,0.019081785136218055,0.1838275328631479,0.1154264209339765,0.33754291392934244,37,0.007187734984310668,0.21951742096926385,-0.0243795663649099,3,-0.00036710235797247367,2724.561192807152
2019-04-08,2724.561192807152,2835.5942715667165,2691.6926414913232,2870.0535351397407,2645643906,-0.020818122370269032,0.10380046800430938,0.11174469976799996,0.6638507277746369,14,0.07894687076896563,0.19219067784077595,-0.3773509804778658,5,0.00027361515513644856,2727.4523576512192
2019-04-09,2727.4523576512192,2836.370239286658,2691.83998852484,2865.915227538938,2350153627,-0.4743579341935643,0.05303019366097332,0.27656364513025916,0.5676801051752314,26,0.18616145946329798,0.12478317137455651,-0.23197652038697472,5,0.0016772367643668508,2739.7566501829474
2019-04-10,2739.7566501829474,2841.1314954901536,2705.251487023042,2877.1900070604224,2857028297,-0.15875217237384365,0.11030036439988537,0.11238654996237653,0.6317147197267021,29,0.025144853798445246,0.2277206817775127,-0.1751695348951774,1,-0.002306587205784699,2739.4700418700677
2019-04-11,2739.4700418700677,2834.5857300242856,2707.8669060131556,2895.5811920493766,3731994354,-0.11980438121414294,0.29396843872751344,0.11798743153215775,0.6515915601129069,50,0.14741931008641027,0.18288930349707058,0.17036800628704463,3,0.005887938754211936,2751.9871911165797
2019-04-12,2751.9871911165797,2851.3248282297695,2706.1141017826844,2892.678483565859,2774074402,-0.10117721910309951,0.2503842779707474,0.23984956560449094,0.5287089408193288,55,0.19491836226706594,0.2688122398971657,-0.39080602136150777,4,-0.0028265873866129177,2731.0292302838616
2019-04-15,2731.0292302838616,2843.276689177772,2712.7493464321524,2889.114463394653,2947302844,0.08017236922733229,0.28989416108025834,0.16243496061263502,0.5069785407020164,21,0.010439725808994327,0.2454080247416079,-0.07297819101669434,3,-0.003422156906088148,2737.6044503188637
2019-04-16,2737.6044503188637,2833.56318027547,2695.0602639600893,2900.7415392115945,2310089820,0.03360254672687846,0.17196351098159063,0.24417763923879532,0.47217096412839604,15,0.1364387761253221,0.07584408182676017,0.3392214963405863,3,0.00326436103898799,2738.300826864769
2019-04-17,2738.300826864769,2842.8280672634705,2696.945180424958,2913.37811637744,3797013429,0.10790509279344462,0.07743404966937588,0.06634153939109631,0.4267786351164477,26,0.09363082826020608,0.08143157329026006,-0.3104955067607009,5,0.0022253393954576196,2735.908768061042
2019-04-18,2735.908768061042,2849.161368815174,2703.1121019760535,2909.1952361602143,2131651518,0.26488326154212827,0.18698987224342323,0.1718927984183461,0.4738383843434847,28,0.11583505107494443,0.037606942737715685,0.013139510574888824,3,0.0017508972246880713,2736.642854273326
2019-04-19,2736.642854273326,2854.1543273515913,2691.283412009815,2905.833741623447,2874362062,0.3129857387160935,0.1635943336399902,0.05840340004582066,0.6095518622920626,35,0.01706826729686497,0.10108941771523695,0.22921790591267766,3,0.0017596605144755664,2720.742302956519
2019-04-22,2720.742302956519,2859.1810914257053,2700.4334443554703,2903.579464752563,3106739552,0.2181230762264944,0.261089270684904,0.06566330086383863,0.5407693724060526,57,0.008601390373387896,0.2998631756157283,0.3540250460160934,4,-3.4267105964090085e-05,2718.9849278538186
2019-04-23,2718.9849278538186,2859.0831172429303,2703.1414156154256,2892.823860664289,3462231942,0.4555236959549347,0.07452064519606115,0.27660936333610275,0.6570093159819383,53,0.13337333211018434,0.12172535058451829,0.1974213116269744,5,-0.002513764168637969,2721.841828425913
2019-04-24,2721.841828425913,2851.9050822710433,2699.8191123042193,2885.4746450924154,3986950475,-0.48176741732363837,0.17206028425544456,0.0848113427793988,0.477352005751675,53,0.16466188596414358,0.06614653040673192,0.17645243891552487,3,0.0002126199786065115,2733.664980783845
2019-04-25,2733.664980783845,2852.511518736593,2704.8813672330693,2877.441518958399,2748154672,-0.3042220143164539,0.08751216617349607,0.18310517056880427,0.5428358314875016,41,0.15640306698659345,0.2287448653426659,0.26119047215660995,2,-0.001900936860174158,2729.5188190376557
2019-04-26,2729.5188190376557,2847.0942250444964,2723.0469100955047,2871.299138437566,3581718365,-0.4924371250218579,0.131168981722515,0.15277390065017665,0.5525230212367955,15,0.10876114557324748,0.16274130103879683,-0.043039023217965044,1,0.0027362249125037876,2723.0508702145103
2019-04-29,2723.0508702145103,2854.895182911838,2724.5018401359725,2871.0216593384716,3979037396,0.147474714154603,0.23433926934694993,0.13683583156471069,0.5366788649225301,45,0.019973364227235637,0.04488043485808576,0.24467562609426652,4,-0.00041216977987474995,2719.0368138658337
2019-04-30,2719.0368138658337,2853.7187238598212,2726.4876048263754,2872.895377198764,2975683742,0.3980305489499869,0.16900453234219165,0.2749583364218181,0.5810535092342065,47,0.13760888876720276,0.11420690434825972,-0.3936284762036391,3,-0.0023168473743298825,2726.3600308074506
2019-05-01,2726.3600308074506,2847.114746285481,2722.812717630053,2885.2993811412766,3786308537,-0.2565177034237007,0.14397207128644235,0.05545584919387238,0.3949733873499225,20,0.04837777671082919,0.12434091466180298,0.33964884430144393,2,-0.0009034579114836015,2728.990039684728
2019-05-02,2728.990039684728,2844.5436595522574,2716.013962674335,2877.312548815366,3042416572,0.42703454479630665,0.14861906964250882,0.2159474215438973,0.5049455110183162,42,0.18221374055347672,0.22614891017076558,-0.045354792386259724,3,0.0011606553864965344,2724.751958054592
2019-05-03,2724.751958054592,2847.8471111864624,2722.656649206689,2885.1871280031787,3487112215,-0.43973260971043915,0.16486169210149665,0.2908486085533876,0.34168992112333907,33,0.167653071909141,0.006201410667571339,0.04270415029259811,3,-0.0015848361356235038,2728.8580975194986
2019-05-06,2728.8580975194986,2843.3373147640305,2715.807978599418,2883.4752172493745,3827479955,0.4344360268055143,0.2462541359592642,0.19004204586546047,0.453804531057925,32,0.1418765934174782,0.08070589403949315,-0.19609420086809415,5,-0.0023160753274670386,2729.6347179142826
2019-05-07,2729.6347179142826,2836.759551599499,2716.380508497173,2883.0795075721553,2553040676,-0.1483773127603656,0.2730211722350586,0.28420561550827295,0.4950668274485057,24,0.1897691911662261,0.15527889039465662,0.19402466627233717,5,0.0006869909449600234,2737.3838778385457
2019-05-08,2737.3838778385457,2838.7090492914344,2712.559248923052,2888.478063509488,3485779459,-0.3985791715507835,0.28883367162598206,0.06306446982150594,0.560889703818189,36,0.0062843643022545866,0.080654022735853,-0.33869135481980095,5,0.0006901223003337575,2731.767453087527
2019-05-09,2731.767453087527,2840.668781860304,2716.3910875290235,2879.4962873369896,3010821851,-0.014128240813674364,0.2467258465638238,0.15469832976854037,0.6802124210344813,20,0.1472400850121524,0.18853021422569965,0.29810864203746823,2,-0.0014286928427088388,2729.1461559147447
2019-05-10,2729.1461559147447,2836.613236457335,2719.060384371319,2882.555565306462,3593599339,-0.24322343227949206,0.12885172393700317,0.11503944774051279,0.5402604266193423,59,0.06604855586728108,0.14456024378238497,0.2624934632050743,3,-0.0013293358515839154,2726.0092906896875
2019-05-13,2726.0092906896875,2832.8449300123884,2727.360703925382,2883.8871829721666,3149865341,-0.21512709803807717,0.22203367652163553,0.23270524124518244,0.597437566470624,26,0.18121317713727306,0.10851307645787418,-0.2271519070041869,1,0.0006550981607363885,2714.3011711046306
2019-05-14,2714.3011711046306,2834.7013295112497,2723.280572734544,2887.8267930842317,2020808635,-0.19271003507371343,0.15940078101384797,0.29532427262431166,0.5025064237980811,23,0.05333503933239552,0.2847625880611537,0.24745951862820992,4,-0.004095109087512024,2716.670133321147
2019-05-15,2716.670133321147,2823.116654779271,2721.1215732521973,2890.1401422354943,2172267671,0.3030258978326634,0.1136676555115128,0.11413251561106195,0.5536416125505326,36,0.14497129986300342,0.1896478497559372,0.22908618644918521,5,-0.0039963719375740656,2718.758575498586
2019-05-16,2718.758575498586,2811.8569445842586,2713.2914635259385,2909.7825433547814,2185974321,0.039161276675254486,0.26021789485648067,0.21354365036851863,0.32837288645350937,27,0.17552940393015629,0.03898241168038236,0.10577327820315918,5,-0.002046133932508999,2718.7994831517262
2019-05-17,2718.7994831517262,2806.109390814239,2709.7371174453297,2904.680623480771,3576388272,-0.18869230084399635,0.05960658724058125,0.09952440818993503,0.40175663233673875,37,0.008331363676536486,0.16802750923301865,-0.10118385848024997,3,-0.0006087064811761219,2716.922786084725
2019-05-20,2716.922786084725,2804.4018136005443,2712.7555213896885,2900.4326478407565,2060111794,0.11033378331091837,0.2754404980338559,0.19133256364290246,0.44474123728205545,56,0.07952951591840723,0.23421955596027028,-0.18280099665450572,3,0.0008865199603617598,2705.5998201483217
2019-05-21,2705.5998201483217,2806.889074125328,2718.8114303228513,2895.4475236293583,2337908319,0.21615067422319356,0.16536936615618353,0.16598312167208407,0.48899734200260536,56,0.15246180640438775,0.2125469092478392,-0.21457312776852,2,0.004196141539208791,2702.2346575661986
2019-05-22,2702.2346575661986,2818.691923860925,2711.4341077294307,2891.003706676076,2378207848,-0.22737599926646623,0.20930036920207012,0.2930013324078843,0.3182594982009535,13,0.09098377790151742,0.05162676878857781,-0.14511282978911427,2,0.0024312481877560316,2699.4929414339845
2019-05-23,2699.4929414339845,2825.5532008465407,2718.390955090276,2885.904609657624,3883838883,-0.08645089847464849,0.21483848055144567,0.20213181817411663,0.35600963902132704,16,0.05345052595871907,0.291725999712031,0.3228467547460243,5,-0.00045293715567265634,2693.0747232802114
2019-05-24,2693.0747232802114,2824.2736926068333,2729.2360579607152,2895.4167419064843,2126248185,-0.37811390666305245,0.2737794351766341,0.13737659302170468,0.4107257231165223,54,0.04396106976463801,0.13464409372398178,-0.337887379208975,3,-5.3866507698339155e-05,2691.7844375868835
2019-05-27,2691.7844375868835,2824.121562943612,2732.543537186505,2906.780775890403,2967474292,-0.3188506504653197,0.20916742054180182,0.07852394622198335,0.6886130763604202,44,0.026303653383275585,0.04770750112207839,0.263097021002367,1,-0.0028439444602779184,2695.0168444414
2019-05-28,2695.0168444414,2816.1013280265092,2747.5579036869694,2902.2148055404073,3698724705,0.1811178539649828,0.20348339619001543,0.08781170718373364,0.43253880284122026,57,0.17142591197125645,0.05405872623844438,-0.12088793996654118,4,-5.2593626937622276e-05,2710.106331651084
2019-05-29,2710.106331651084,2815.9532229385704,2741.3675900941407,2895.5559609555735,2456077027,-0.31856165230437306,0.0666630101401725,0.10632923248780878,0.492816423244833,18,0.1150710806503112,0.029470497656724146,0.01727951680908657,3,-0.0008204030122848225,2711.5029541537388
2019-05-30,2711.5029541537388,2813.6439538272093,2731.41035246765,2899.327285406665,3603840577,0.02516338366706017,0.179602005486301,0.1127416653350745,0.3784390850953572,17,0.015276988998291198,0.24105543253048028,0.23558850691879252,3,0.0009171610788067426,2713.563357279521
2019-05-31,2713.563357279521,2816.225702309914,2717.1805904764155,2894.909501052417,2419719502,0.20904626172243268,0.08754225020426042,0.26265401446028447,0.5443120284303072,54,0.07651606471412709,0.036609148296554594,0.3075012376183771,2,-0.0023526649104647266,2712.9677899533917
2019-06-03,2712.9677899533917,2809.607854761495,2729.148944968329,2899.9729555944614,3721001377,-0.39312307690525616,0.23435844218037138,0.19030569707063122,0.4122732862063897,26,0.07354673016102198,0.03753757714252408,-0.12417486394188243,4,0.0014776806484673869,2697.6176202309994
2019-06-04,2697.6176202309994,2813.7626268754248,2734.3838702191615,2901.596339761272,3258236835,0.06731221962890355,0.17805548020316864,0.1808477278435916,0.3827970313753707,26,0.036347838141892595,0.2551414844282513,-0.03052521497991173,5,0.004348366442256336,2697.4055092274057
2019-06-05,2697.4055092274057,2826.0245381794452,2733.9391928518776,2889.470386841294,3811277573,-0.24343721629863624,0.22005694480208832,0.07869221796730437,0.5066290513783915,58,0.08710152509443814,0.10338122533426788,-0.06838714814656621,3,-0.00030792908710667915,2697.8873509069335
2019-06-06,2697.8873509069335,2825.1544569917905,2736.178941862436,2901.850428451934,2665760038,0.4629268752375798,0.06041822515059607,0.26503492333735873,0.30220231966416833,42,0.06641987307862729,0.009257371292421735,-0.38939917319687156,5,0.00113688202768375,2717.593287806816
2019-06-07,2717.593287806816,2828.368150768582,2727.175029484049,2916.2174498366985,3188966313,-0.016454353280075273,0.07119800401145081,0.23070357580212092,0.3030656130596901,41,0.06836074109843651,0.015568589855523262,-0.16324568891307473,3,0.0019501598890056015,2716.054400088567
2019-06-10,2716.054400088567,2833.889302702271,2746.7410453209836,2911.315140312823,2396641650,0.3059925497751581,0.22908084701567055,0.0669170904750004,0.3876275236407431,17,0.14780531155759175,0.042651134011168663,-0.032648613013950556,5,-0.0011332774685435915,2718.466778827236
2019-06-11,2718.466778827236,2830.6795389271842,2747.7748147767857,2908.2135278333353,3219145913,0.050226542156261766,0.06802108399966834,0.22695877430744216,0.31468854500032845,28,0.04465267710103926,0.06401800439270686,-0.07112511289564816,4,0.0006331244409736754,2718.189084669594
2019-06-12,2718.189084669594,2832.4722787816677,2748.649973133625,2910.5004509591345,3771087093,-0.45658746714518084,0.06781418194131465,0.18588455433566153,0.3432103016522765,47,0.1283719917710711,0.1995438582715216,0.1775433820125436,2,3.556519003378395e-05,2708.839660368638
2019-06-13,2708.839660368638,2832.573017987922,2754.456106124814,2913.1761052790307,3542541948,0.13315137559402235,0.053027118808721865,0.07043133643669457,0.4355442597355006,12,0.11412992477618698,0.04719788400054847,-0.0921571062231174,4,0.0002758273207565709,2717.982242884758
2019-06-14,2717.982242884758,2833.3544267763127,2758.304179978708,2918.4444594604133,2904787211,0.451403342206657,0.28912534957487,0.16457516038216413,0.621034271831925,14,0.11361850246757346,0.03566231735312159,-0.008498840823463805,1,-0.0021849849533959772,2723.997707146252
2019-06-17,2723.997707146252,2827.170348505469,2760.095252172941,2934.526095770544,3648610946,0.10161182014633119,0.23437708986475175,0.17117407178251176,0.5288194573477203,22,0.1326014692283552,0.22941574244288374,-0.05631312629410934,2,6.935365418394451e-05,2730.3259627225966
2019-06-18,2730.3259627225966,2827.3664298995404,2753.7714565293786,2933.110517950592,2528137452,0.3191888594267902,0.13831285212551603,0.09144363504081894,0.5050670903825665,56,0.1096764072391308,0.20131658515797432,0.19250091911549638,4,0.0014080884753748068,2723.0508630842387
2019-06-19,2723.0508630842387,2831.350416229504,2757.5432033864668,2926.724139994284,2565046823,0.3842064633484078,0.12413389532191381,0.28642453675007057,0.41739552928324863,55,0.17585102296927693,0.13059726643657085,0.29037791918957,1,0.004091833226711848,2734.2732175717274
2019-06-20,2734.2732175717274,2842.9595650918645,2772.599399358267,2915.6895861701682,3443100692,-0.2719202280510675,0.13742580743646238,0.2624938428701655,0.6727014877731265,40,0.13511601839005197,0.16479293144403118,0.025511263206011325,3,0.0026957216140806647,2723.058409069389
2019-06-21,2723.058409069389,2850.633731700546,2783.3627597275067,2909.8421458506327,3001212814,-0.28795516009177335,0.24366338279529548,0.2172555843322771,0.4588060164948766,25,0.10939265027427764,0.09359520609792554,0.23154575535615296,3,0.00602449351287894,2727.753265819791
2019-06-24,2727.753265819791,2867.8591913606383,2796.108252740622,2909.5771300676424,3012719328,0.11098098885099172,0.21534265276760362,0.1655738902501518,0.3348371067183086,59,0.16595262405752897,0.1447501260706082,-0.16257065438411955,5,-0.002142838839244228,2745.276910826271
2019-06-25,2745.276910826271,2861.720410857534,2792.0185273291722,2923.9335929757844,2565078882,-0.08897153019329529,0.09629889196686699,0.15294138539612712,0.5468266064471204,41,0.12122931298669595,0.15200179469482372,0.03309568812581498,2,0.0024356222721553696,2737.3526202252256
2019-06-26,2737.3526202252256,2868.6989759512994,2784.1016887671035,2919.792702583495,3185411865,0.33986130286672034,0.09352733383352109,0.21274336678773853,0.34553535739064056,31,0.058228849557035806,0.11617118135342877,-0.12381603706402206,3,0.0005111589687498493,2732.8222383884035
2019-06-27,2732.8222383884035,2870.1657119972065,2783.0953934063064,2921.5830061966067,2926961159,0.40002312339801116,0.07459891242834933,0.18635796735172638,0.4380892571206768,38,0.041418983635314245,0.27197166320164884,-0.06863925954253575,2,0.006085076195473646,2733.6194493091043
2019-06-28,2733.6194493091043,2887.684135462948,2783.541192704616,2921.4516230280246,3740793955,-0.1465786206972819,0.21507567992533455,0.0655682764704714,0.5029647754871235,31,0.03046555713253576,0.004818559494301843,0.1859310918501349,3,-0.0022418093149534266,2729.591644076175
2019-07-01,2729.591644076175,2881.2177491801062,2792.2947248523838,2930.958769215609,3756781295,-0.26312944102551794,0.24109316555543397,0.1781256621925829,0.6496890098740703,52,0.17989104250922033,0.23465137892737384,0.3053299858661702,5,-0.002334297166892849,2717.1863366276457
2019-07-02,2717.1863366276457,2874.49997444266,2778.755007814665,2951.174228622598,2437465565,0.2805255152438618,0.11626160708125101,0.25160090430820986,0.4974186321360474,12,0.14202708635961317,0.0373148493723973,-0.30280368712978767,4,-0.0016695582549379024,2717.7348404260943
2019-07-03,2717.7348404260943,2869.7048332791082,2790.99141037035,2946.9272784392356,2771733078,-0.2251939644518639,0.055236240257728206,0.16480996939923953,0.5809035064126657,19,0.18747568763286415,0.2392642081611598,0.10771140518990441,5,-0.005938473645586902,2709.2364107162853
2019-07-04,2709.2364107162853,2852.7136674846297,2789.727347181718,2943.0117628990897,2569257257,0.3226143185136784,0.07054291686910684,0.0629891443885671,0.6971267355996281,51,0.12065836114298861,0.18477357470301636,0.06571504606223877,1,-0.001475487696067417,2713.0251501613666
2019-07-05,2713.0251501613666,2848.5076273111836,2786.3122986221388,2951.3650499156424,3020240811,-0.07626174635123717,0.29196500871125763,0.24656954984600826,0.3525956479591926,30,0.09468017629898251,0.2529834272809207,-0.30526796865925454,3,-0.0021342910862391035,2705.669756287496
2019-07-08,2705.669756287496,2842.4345660187537,2778.2154636200576,2956.820181832653,3601372685,0.16754989929147046,0.12386119436935507,0.1003409455339936,0.40989261020780776,25,0.011943297794177866,0.029254297692269237,-0.23048453564791274,1,0.00042319205596631386,2718.0692315276365
2019-07-09,2718.0692315276365,2843.6377163105635,2764.9766102451313,2971.593840438541,2054181889,-0.4044646861653318,0.24230578695953342,0.1146552087220097,0.45783043023905856,21,0.13432845630920595,0.1676941902299322,-0.1511980042138558,1,0.0009609994591519289,2711.803205188947
2019-07-10,2711.803205188947,2846.371764116781,2771.5619749168263,2976.265265921149,2777290102,0.12385932467657301,0.20616589221356596,0.09117658835807398,0.4687312714155325,11,0.11644175195364624,0.15032636407865912,-0.26645514334599885,2,0.00525930312222362,2709.2267130593013
2019-07-11,2709.2267130593013,2861.381130830508,2772.1485186543337,2973.390929194852,3773955364,-0.04823232126277088,0.145484909913224,0.1325537662178744,0.4644084301062183,50,0.1980417787175243,0.21185795488900758,-0.20501641398052659,3,0.0026537207671623723,2715.734850798259
2019-07-12,2715.734850798259,2868.9845215359965,2761.828831456405,2978.116167840391,3522072388,0.0866084631754741,0.10142181554888878,0.23918787642215877,0.663044401022622,33,0.04783175555644861,0.16028716556810274,-0.185919360910634,1,-0.0016099582869089461,2705.887936266787
2019-07-15,2705.887936266787,2864.369292290697,2751.468201279896,2986.985796485054,2296923045,-0.3319857922551366,0.08034660453985161,0.17984646487598432,0.5856130577867426,44,0.10614747105736717,0.16222037013993126,-0.13146093356875233,4,-0.0025123679979940604,2707.70761574362
2019-07-16,2707.70761574362,2857.1819749199103,2748.7819236855753,2993.549653934633,3877611048,0.23687374494418212,0.20375324200971667,0.10122031853767814,0.5431620856362814,39,0.13019146702361453,0.1288787830728194,0.19951236224092717,1,0.0013764071394913409,2718.1647577778795
2019-07-17,2718.1647577778795,2861.117328291962,2762.1340958878905,2997.6078461834913,3061849405,0.36279707754322854,0.243658445159447,0.2694575195380102,0.42374908714511283,39,0.12891823494846874,0.09265032720220225,0.05752976308048058,4,-0.003698348305775399,2705.3048919013895
2019-07-18,2705.3048919013895,2850.555462635797,2760.0573650769816,3006.1412437002045,2418301429,-0.28326019990922435,0.21097606338528269,0.2698954637378823,0.6295161536885179,56,0.11225870858968055,0.14467930837565765,0.3889973375611212,2,0.005126770741103557,2706.781962769648
2019-07-19,2706.781962769648,2865.2071327626318,2748.032221452037,3015.49560842377,3592358715,-0.4042854444798383,0.1825755333122896,0.2676446062615017,0.6820242045939955,44,0.1553856020654451,0.035547707630520176,-0.06821133842602317,1,0.0032877269670501183,2708.8610251236355
2019-07-22,2708.8610251236355,2874.6426537284024,2746.0662769393493,3026.55288035207,3739551100,-0.4763614139536636,0.06048780585790907,0.10969905284538482,0.6284793130200905,28,0.04099624190536329,0.2884540016949254,0.2030920590695401,5,-0.0013065477016382264,2715.115608097854
2019-07-23,2715.115608097854,2870.889248511565,2743.884488381368,3031.742559452787,3912571502,0.141971500443266,0.29212219439859594,0.16280983604524701,0.30062604207658916,59,0.14512544005488318,0.2143232290879795,0.2971747371012271,2,-0.0047852397754319,2705.2200024108292
2019-07-24,2705.2200024108292,2857.1841722788377,2722.3093952378354,3030.4056148102527,2399081485,0.10709403608878076,0.24967854791364363,0.29624741403521876,0.5545605480733629,17,0.12394691428661785,0.28574013500635403,0.14318279443043358,4,0.00378362090204677,2694.656349506155
2019-07-25,2694.656349506155,2868.015151272161,2721.875036305693,3031.579324301719,2063640055,0.04669741271407002,0.12320550917524119,0.2430031190774976,0.3204541525768403,35,0.17921502235891468,0.06801821469898897,-0.07050820766600319,2,-0.0003195468380957306,2698.83188203109
2019-07-26,2698.83188203109,2867.09883251014,2720.0275600640234,3041.231396033786,2341084390,-0.2680529038840246,0.29499258233971265,0.05679185530638996,0.4030428881334887,58,0.16943888780671634,0.2638023060529584,0.20287570459660242,1,0.0034478995730722315,2701.207759416956
2019-07-29,2701.207759416956,2877.0013630059275,2725.5972109825307,3034.695910665888,3542895576,-0.10909400409448533,0.20047039740908051,0.06630114781512302,0.32380988013910866,49,0.06302940782651066,0.24263699536906153,-0.23706628978185212,3,-0.0044434394062408825,2703.2117022197226
2019-07-30,2703.2117022197226,2864.2459417355726,2740.3888597420937,3037.6452971368712,2698453075,0.09447633518617304,0.1956056645518116,0.16598284420308318,0.541518181179755,16,0.055247464995030617,0.20314572373730208,-0.1379582678558941,3,-0.001675490999311753,2705.9832878956986
2019-07-31,2705.9832878956986,2859.4509415519424,2749.4013799784757,3034.498586638252,2399220865,-0.00323314114083062,0.23701829485738302,0.27730505146539003,0.5746359653970428,39,0.19633066477048958,0.18750875582556173,0.03734820407943101,4,1.4670400330500893e-05,2700.5430901230707
2019-08-01,2700.5430901230707,2859.492891149688,2747.250270454037,3034.728545221731,2409145062,0.4877855202148873,0.2529424470225344,0.18467544948817854,0.345795055226362,16,0.10545303618305131,0.09496489958036099,0.06032750982891866,4,0.0001314289164305963,2702.401119700359
2019-08-02,2702.401119700359,2859.868735899806,2738.3980631841036,3044.956160122589,2702329669,-0.36356024744326687,0.21411965183287568,0.17445312700857257,0.45353555321799177,12,0.18128419278288738,0.2449232354895092,-0.3822868196218965,3,-0.0012597753625393884,2704.745699486748
2019-08-05,2704.745699486748,2856.268212127972,2758.9849416101024,3046.4849526667485,2653364368,0.1951445540475938,0.08202393659155001,0.07636842498915765,0.48249460358221674,10,0.03277620475609644,0.15045463844392012,0.35609135100480704,4,0.001742993954302,2699.030888142537
2019-08-06,2699.030888142537,2861.251011586752,2759.4586890822184,3046.8564450519975,3679682426,-0.09568123189570787,0.1345668764986246,0.2141950261810735,0.4476212087043666,45,0.12856378296003487,0.02126747276738561,0.157301816973912,2,-0.002989509276232772,2713.9570842316953
2019-08-07,2713.9570842316953,2852.7100481516914,2759.570123417522,3035.9775959241583,3340665688,-0.07180038507438524,0.2820209100815124,0.2555257901500564,0.3484100001940772,34,0.16197203747211725,0.093858948256539,-0.0034369998144871405,5,-0.000399361771709296,2717.7477475989895
2019-08-08,2717.7477475989895,2851.571012271521,2759.377122720642,3041.947624452376,3713889307,0.21759776565817623,0.10615390296096298,0.14510500187689057,0.46757911607499014,46,0.18947904991728937,0.28058912956359827,0.34650178752664673,5,0.0003374289799398928,2708.2173196213685
2019-08-09,2708.2173196213685,2852.533377325216,2760.9618008067846,3047.1114979015047,3108674625,0.19243615132436964,0.14304175595937835,0.24390296273133188,0.6004712191233672,10,0.0674680282034047,0.25520407818145385,-0.048723547799337186,2,0.0014417165870931495,2713.469748490439
2019-08-12,2713.469748490439,2856.648887997686,2759.8069175113933,3064.4175356879487,3537539234,0.4912559937021883,0.15801922073604902,0.2911191634752029,0.3284030658133022,24,0.1449962339848105,0.29457170942296174,0.38434845621629743,5,0.001990883080137371,2705.6722951286206
2019-08-13,2705.6722951286206,2862.341807022397,2755.2176214563515,3061.9553098083243,2673178852,-0.37160571054587477,0.15985124742361306,0.10094161478192228,0.33207200563276135,46,0.10776260180792381,0.18839801478122942,0.009827805794788091,1,-0.0031482287216282557,2711.96897195856
2019-08-14,2711.96897195856,2853.344670287694,2750.842749926428,3063.708512429636,2038785284,-0.39589035061583366,0.2032348956236314,0.1808324077986853,0.4419085167343937,22,0.01212578521329364,0.07425302194212359,-0.30857138400161643,2,-0.004310514528001222,2721.237736590619
2019-08-15,2721.237736590619,2841.071756921809,2750.5807237647,3065.7035818993218,3396680702,0.22433881712874115,0.2857689594361769,0.12178448952114389,0.67669028464757,49,0.13799994746178867,0.04884451490305913,0.21184077796742184,4,0.0035912755733010634,2714.6722780438054
2019-08-16,2714.6722780438054,2851.2931714969973,2746.23332559563,3078.32320813743,2379729344,0.0783869170064091,0.11017317795812624,0.24821360475845983,0.5674290586891656,17,0.1380193116475687,0.05607433218253849,0.1431181800622724,2,0.0009319537919157941,2722.37928707776
2019-08-19,2722.37928707776,2853.951683592834,2740.5305593342127,3077.5608438783343,3174558119,-0.22583933344019413,0.08037534407522952,0.1943983414702894,0.5714679826690259,14,0.18612136096930743,0.005938697504176316,0.21838937704446948,3,-0.002100309806421312,2725.681534493252
2019-08-20,2725.681534493252,2847.9637913003817,2741.3820011557477,3079.793016084497,2423973323,-0.4205806310110134,0.09936762246498433,0.20864560438757596,0.44476799633514597,18,0.09946248923379448,0.11720463329578175,0.3611536229805449,4,0.0043477586519646665,2732.258015773208
2019-08-21,2732.258015773208,2860.373007104562,2739.342183416381,3084.6561881622292,2562098103,-0.41434175040356946,0.2717312250523174,0.2494785399039735,0.5374643164834153,10,0.046050184142102935,0.05742830414986275,0.22119144212081454,3,0.00032347089369248624,2747.4323596344398
2019-08-22,2747.4323596344398,2861.2984041789045,2751.3741273250425,3086.14906114748,3703640739,0.3941908746641183,0.2114527031638015,0.1489926181656137,0.30405247361109733,45,0.008912764689735831,0.12349663813701073,0.08906928177331752,4,0.0032918125131967454,2745.4692547064165
2019-08-23,2745.4692547064165,2870.7327816514153,2730.1663688578983,3082.577592231076,3018026902,-0.3081326752812571,0.12147669730979004,0.2787725171017608,0.5544384185638169,44,0.08312843733718114,0.2804983295516296,0.2858471218886728,5,0.00018813908590336565,2739.4393653915567
2019-08-26,2739.4393653915567,2871.272929502696,2738.898423673278,3084.130312174262,3949011246,-0.17662843788447924,0.25398673474215433,0.183257216811535,0.6653147790304946,11,0.060383340015500366,0.12916206285215698,0.13859715148362528,2,0.005725277749017737,2732.3232499545525
2019-08-27,2732.3232499545525,2887.758912901752,2748.867105213259,3092.7193661731403,3007917342,-0.273343597773012,0.265342499090859,0.089488705708837,0.5450293873379276,49,0.15221766120477512,0.2633953490954504,-0.07350475453926153,1,0.004851060508236991,2725.796767674829
2019-08-28,2725.796767674829,2901.8016396412977,2732.279983353994,3084.507243777852,3013829002,-0.1450036941680627,0.2616285846725695,0.22397477954220063,0.649479437386538,32,0.07085355296820932,0.18165142998476294,0.30849581139341864,4,-0.0006866068999579248,2725.1799539995163
2019-08-29,2725.1799539995163,2899.8099264534653,2729.5384826013515,3085.571001171027,3648020489,-0.43057615725390663,0.2797316334098886,0.2483153376095636,0.5895892221864375,18,0.1898142392629688,0.07413946639841758,-0.2224796313725017,4,0.0026767856159213128,2727.9091697980493
2019-08-30,2727.9091697980493,2907.5824940611,2726.566955673385,3079.9700346515137,2315666114,0.01905979090827037,0.1130602550433404,0.12919041926688168,0.34822336656147607,43,0.19246204059755687,0.10675642777776341,0.1717130199269794,3,0.0017741298960156338,2730.1226961926895
2019-09-02,2730.1226961926895,2912.745501657781,2715.306862115642,3089.5304076829125,3898480245,-0.4323874364077851,0.2387604821865696,0.26429481424968826,0.6609813229143366,55,0.12418171804354161,0.025175860746428823,0.30525076395260553,5,0.0037519670209944377,2736.7401621849776
2019-09-03,2736.7401621849776,2923.69455411804,2709.084328614915,3077.344912444642,2729104653,0.30035650782236156,0.16513487431853502,0.2765358136914416,0.32657753774230996,23,0.1857320574029766,0.10003877807880314,0.185053215762637,3,-0.0026437769772259256,2736.844177320001
2019-09-04,2736.844177320001,2915.975166433399,2700.1997218511888,3072.8735376664695,3421158991,-0.266287918089567,0.2604996382225154,0.11922612184445223,0.5135869890191055,13,0.15217086890289913,0.20326228365106022,0.15782033524308559,3,0.0018804182921334902,2748.4724499372596
2019-09-05,2748.4724499372596,2921.4635781133866,2714.217885398578,3075.8912326669856,2084928457,0.04001191460451059,0.23212266929040332,0.29588036817880553,0.35685484951738305,39,0.10937192819502524,0.021633327878830554,0.20211063525746886,5,0.0028941483024880004,2746.355195271356
2019-09-06,2746.355195271356,2929.9309740081835,2721.7033125437574,3088.41542490086,3927485020,0.38007908756145825,0.24411186162493115,0.0851778820121896,0.30468264429236164,40,0.036061587084555626,0.0616204225434088,-0.0279558013594845,1,-0.004813699489380948,2768.1165486040727
2019-09-09,2768.1165486040727,2915.8610581167986,2731.8757533037106,3087.8894228122763,3447417609,0.15087736904719418,0.2140404594202679,0.1005039171006225,0.4688137040510556,47,0.091719588702768,0.11443231242399343,0.29933654572562085,3,-0.0032516867564162805,2773.1218873861926
2019-09-10,2773.1218873861926,2906.394990015472,2737.6491298160568,3083.447826598731,2727526219,0.0329577865513353,0.09435719236742672,0.09605620980950653,0.4180162830616625,20,0.11217489267252352,0.29461486110478874,-0.23725081989112706,3,-0.00562890285468162,2766.2646269348625
2019-09-11,2766.2646269348625,2890.0811325933914,2728.616715646319,3098.4970831542555,3412543325,-0.1756662468846244,0.18625672972423457,0.2734974275019676,0.4944001975190412,44,0.17279231614700205,0.23545854688766404,-0.2980908671997286,4,-0.0007460201317146231,2757.697486950374
2019-09-12,2757.697486950374,2887.925877917835,2724.4205535160804,3086.9129719509256,2626019688,-0.16699808694180207,0.29616743488112707,0.21357313808124045,0.5308799546938203,17,0.09626667530713298,0.22004602394763115,-0.17159297590519076,5,0.0019857298264538857,2761.5572662723193
2019-09-13,2761.5572662723193,2893.666215964203,2728.3355500059038,3069.3225242979647,3850647808,0.16948695519819013,0.28434701662427975,0.08802607080556822,0.3174956289235789,12,0.17953493453559133,0.03485728695763379,0.025261917419994506,2,0.004144902774947423,2759.7695639897124
2019-09-16,2759.7695639897124,2905.6850723809707,2718.5585275347685,3072.8426398983916,3930303620,0.49413936122116753,0.06079343394925292,0.16008085459208726,0.3492013180494982,23,0.1348697958046938,0.23429876808449743,0.008449436327470472,1,0.00020397867478016377,2765.481567942449
2019-09-17,2765.481567942449,2906.277830624329,2724.2625149761475,3068.8262061035707,3068219667,0.16183918984937862,0.09120370393235928,0.20382450626745052,0.52345695858017,22,0.027399812610734278,0.23558064345480453,0.2564790061412693,1,0.0044730089818253395,2769.2674689390374
2019-09-18,2769.2674689390374,2919.3067549888992,2722.3399117908825,3060.656343566525,2377460487,0.0577834173700249,0.08293219336364048,0.07086602124734583,0.4372669412690633,54,0.1989962738650186,0.18033080868729848,-0.0763450748767861,5,-0.0037891676165800227,2768.6848376377825
2019-09-19,2768.6848376377825,2908.26594332318,2719.3413453304856,3066.3231951449197,2503133866,0.2306505102392461,0.23149497749632386,0.27060409210183467,0.5916693950197791,41,0.10544653215078253,0.29710853459951153,-0.012524458966793106,4,-0.004696642447222747,2761.9104878932353
2019-09-20,2761.9104878932353,2894.638883808339,2725.0290250761136,3068.273600855089,3926650827,-0.03479438771628185,0.25444633246423626,0.2509008838603838,0.5609166594367758,43,0.07837165928181578,0.09757617177736558,-0.3893058533924835,4,-0.00015353062090834614,2749.7917100957484
2019-09-23,2749.7917100957484,2894.1945022171662,2728.5831315680016,3063.7609718091953,2888101376,-0.4398576573992148,0.10337784157766798,0.17630169339415958,0.6382417451959627,54,0.1318227528939053,0.2823817344725555,-0.07220861084564872,5,0.0010610530225948196,2746.219590479212
2019-09-24,2746.219590479212,2897.2670258086805,2725.6954022414493,3053.5185366198284,3084598584,0.062296815877909806,0.17646317323795724,0.2917816538147926,0.5769971306676901,28,0.021778662796207816,0.27441933448695105,0.11821938636027363,4,-9.028156173793726e-05,2753.0707808337997
2019-09-25,2753.0707808337997,2897.005467823928,2734.9700406683633,3060.4981952460694,2717439551,0.4576252845053802,0.2601757570028,0.15444024481877494,0.47197243095605923,47,0.1273077293506709,0.0034441979248133526,-0.38759333549872627,1,-0.005725543526409571,2754.7835307868413
2019-09-26,2754.7835307868413,2880.465931023609,2726.321534047564,3065.699804669739,3542970229,-0.32469705764234036,0.23320038619156264,0.29602757975912447,0.5691866489577729,25,0.0996472000998546,0.1350349579424433,-0.17529442785100502,1,-0.0002475462588857308,2744.817620557146
2019-09-27,2744.817620557146,2879.7529707075064,2731.249018903118,3064.9063977595038,2719919059,0.19000489082066574,0.18555930137296206,0.21697999970090676,0.4101524697021674,11,0.08133481399971663,0.293131269915472,-0.23363491256848806,2,-0.0036304192258456826,2746.203067963955
2019-09-30,2746.203067963955,2869.3172147034675,2735.9938289668653,3079.679493727885,3629332763,-0.2990663113409435,0.19758692261469324,0.20866781831348535,0.42252539951128504,49,0.19060400423577983,0.030936408722422735,-0.36641165687232946,5,0.0018653863450827566,2749.2856070017856
2019-10-01,2749.2856070017856,2874.674595094108,2733.517457452353,3071.118815597276,2157502584,0.03582768447308127,0.17709013672906998,0.09148872382394625,0.6155940639683173,26,0.10450794334641066,0.16433540831499582,-0.01659192806837001,3,0.001019694874156579,2742.2147475121765
2019-10-02,2742.2147475121765,2877.6073810628827,2736.12652163029,3058.9146142298778,2453282922,-0.4033235503532804,0.12438711282970515,0.270481939576161,0.4785678065606328,43,0.043823495893987686,0.2936872521123312,-0.2546213654174748,3,-0.002616367651008475,2743.444548359741
2019-10-03,2743.444548359741,2870.088342772264,2726.117613019208,3053.379349670828,3015338916,-0.04962906374181486,0.19125549821475402,0.15687242198015378,0.619352136207341,51,0.09179269587545974,0.16664862723175805,0.1944652317051041,2,-0.0014333643377025917,2743.910218107309
2019-10-04,2743.910218107309,2865.9774074335705,2733.5098291728627,3053.014661539984,3532152494,0.25616332889524607,0.22222132551252266,0.09055835144561984,0.6289689494673114,25,0.18387748091453454,0.056944590891646794,0.27834230701067886,2,-0.002961035149209437,2734.766455724664
2019-10-07,2734.766455724664,2857.5036992584587,2732.030612081319,3054.9613771345657,2703535076,-0.15242847576101792,0.26833072896520194,0.05315187999393976,0.6430249350645134,47,0.03521909426611893,0.1746549690277769,0.036468146135318236,4,-0.00017549470854654758,2737.62875460745
2019-10-08,2737.62875460745,2857.002266480273,2727.8488279171665,3053.031488671715,2143932619,0.16491172448721803,0.209072838494812,0.18993892090959563,0.6666540943364829,11,0.042791407737647384,0.06133217218486405,0.38536587401691325,2,0.0026709599109612445,2742.115030818396
2019-10-09,2742.115030818396,2864.643405044283,2736.240901723862,3055.8479318438294,3210280240,0.2954499607897292,0.24028038426078951,0.1818499055306691,0.4723940882053185,11,0.00260591355141675,0.15591127886834527,-0.03961714282352374,2,-0.00275660222449331,2750.7794407637984
2019-10-10,2750.7794407637984,2856.757596673599,2730.60615219952,3045.8356164503057,3478200816,0.42717781947945266,0.09001790873864325,0.22983840559228963,0.4275467273284555,35,0.002838009879153436,0.022212665373704397,0.010694568179932418,3,0.001410525315803409,2759.2098571800775
2019-10-11,2759.2098571800775,2860.7899687977415,2719.3384618286113,3057.385733282892,2882124407,-0.26535791814454646,0.16538936860494746,0.2725645132544505,0.5328794986376455,22,0.16587832539170252,0.18164480076432138,0.3913742031662001,4,-0.0014839289952547317,2748.188502236421
2019-10-14,2748.188502236421,2856.5479078507624,2706.88542844042,3056.728523855751,3312843307,-0.10068408419069186,0.05233290495677333,0.06985164616075738,0.448468969375051,56,0.14642452136859116,0.15503698173844746,-0.21476125122796097,2,-0.002222975291104976,2740.6859019170997
2019-10-15,2740.6859019170997,2850.2049251926633,2711.7335080511853,3065.666890508456,3917138743,-0.34758398666958257,0.11166971613040576,0.2328741225850906,0.5404296667200932,40,0.07100821129039166,0.2220484106284389,0.35403675174152427,2,-0.00030045963071574416,2744.806184054769
2019-10-16,2744.806184054769,2849.348682313027,2701.490073231215,3068.408693279478,2366594203,0.4924835021583752,0.2316154287782512,0.09685298602439556,0.5822343450575298,43,0.13966223144551457,0.1892101413476355,-0.3657299559047094,4,-0.0029108400027094074,2748.9164716620667
2019-10-17,2748.9164716620667,2841.066743733672,2715.52842668709,3072.062719032708,3564296558,0.4270009679242953,0.29795248783734085,0.264544263289291,0.5753620073968547,48,0.07904118526199405,0.164881880559227,-0.042890487789444154,5,-0.0015602064188856308,2753.036853152515
2019-10-18,2753.036853152515,2836.6375492908946,2698.8729914240203,3076.620857274566,3581713102,0.03995713028055958,0.07479452489680398,0.25476587846541404,0.4498211548080485,12,0.1905793591995655,0.20693365477443634,-0.3439971902935474,4,-0.003384023057097932,2783.858705077753
2019-10-21,2783.858705077753,2827.054526150184,2712.4446423703403,3080.2025257547043,2249710469,0.34203329437642127,0.15037357896532205,0.18519843874638608,0.3667440806795011,17,0.193410536285207,0.043182574071669255,0.18338779433091434,3,0.00554438141897377,2788.425829163298
2019-10-22,2788.425829163298,2842.772327213515,2714.1327821079612,3085.344307833645,2884081259,0.020957977272042183,0.2500177421747899,0.22756069965582787,0.472211735384883,32,0.07855875516186868,0.1786078983775812,0.08672714870401421,5,9.923215313151303e-05,2797.5103542847432
2019-10-23,2797.5103542847432,2843.0544356292885,2713.3590772129983,3095.9775280747044,2171394298,0.12358568800275971,0.10100890865722471,0.12858752829593711,0.35703765763276346,23,0.1708443812681736,0.051633180846833306,0.16530741077407707,1,-0.0019708810738049976,2805.1423683926887
2019-10-24,2805.1423683926887,2837.456631565348,2708.9997245185264,3097.549697432316,2480691132,-0.4108755678839834,0.18877123732557155,0.16779197473320367,0.6560388140735233,36,0.15461780833949323,0.27765666235556424,-0.10041568002558643,4,0.0006031186865011246,2810.353498403135
2019-10-25,2810.353498403135,2839.1684708512216,2712.192813433343,3103.221727493024,2146835347,0.2552704204968079,0.2332678240074187,0.25540922442761793,0.43835098429514296,38,0.06199998743435786,0.02050023145368126,-0.10441445277489575,3,-0.00031655981265060415,2807.8313444460123
2019-10-28,2807.8313444460123,2838.269846453695,2711.8917358139443,3102.503841938726,3158565745,-0.3722865163647652,0.20399636256504478,0.1648162992933035,0.3617838988893295,48,0.046407965780221196,0.12911242490723798,-0.36374457683128436,5,-0.0006230230477449534,2813.9030982099584
2019-10-29,2813.9030982099584,2836.502089657429,2720.7181508700764,3114.024779662322,2245186177,0.3260676302525284,0.09700618365385404,0.13944956633136046,0.31017910396230036,48,0.09164693007856678,0.20873924329663346,-0.12004404837628818,4,0.0017306820028871574,2807.7204964936577
2019-10-30,2807.7204964936577,2841.4154232577766,2721.631972059373,3108.6136412458477,2528155592,0.2820280876703859,0.13884614217143487,0.173553111812575,0.5583289545145937,10,0.15626976812288126,0.13740666350047762,0.3434307218096476,2,0.0021304904841331564,2805.825947639738
2019-10-31,2805.825947639738,2847.475484938155,2722.834386151068,3123.0211647091346,2133872126,0.20874469774297644,0.2459479461213493,0.2570623131093046,0.5547609269818973,26,0.19203355694574908,0.027628575969870704,-0.0966187702556408,4,-0.0014915580777631933,2801.943039257105
2019-11-01,2801.943039257105,2843.231475757271,2719.925488453357,3122.6999011039798,2992699684,-0.4638396194752379,0.18855662853300414,0.13380201184271817,0.4362416666325166,50,0.15271581377331453,0.1660137048380122,0.265094164977576,1,-0.001621493612522722,2802.5980323721956
2019-11-04,2802.5980323721956,2838.6249298321136,2719.4699234635887,3111.2537002870354,3875207187,-0.1968716440546714,0.05130740338572819,0.09344039828393595,0.3286847555390604,39,0.17104139700367402,0.19248957264820635,0.27386040379994725,4,-0.000775469432781449,2821.115300905584
2019-11-05,2821.115300905584,2836.4245162549005,2721.932337614725,3112.2785356063214,2222036249,-0.23688743008915714,0.24024769000702345,0.22800350508269518,0.4638515579580928,22,0.12061286123410331,0.2111376932971523,-0.10140707489661294,5,-0.006513626482982693,2806.1771793648495
2019-11-06,2806.1771793648495,2818.009146937016,2708.250990473472,3106.8301223465223,2168979228,-0.1398635925284809,0.05882783873505977,0.25649455317702047,0.4244869980253574,30,0.16708156616842518,0.11197794433882767,0.10559094431695126,5,-0.00431072893897491,2811.6672608878457
2019-11-07,2811.6672608878457,2805.887618439427,2697.4655070966264,3113.5552707384322,2601308160,-0.41235725323616146,0.23643344568280805,0.07515936963088334,0.5708482558940038,28,0.15688417160068355,0.16909799130862865,-0.3237027181815531,4,0.0038895861520350785,2798.7655339183284
2019-11-08,2798.7655339183284,2816.8226125789834,2703.4116198488077,3108.334278904013,2524458102,0.4369578230310628,0.10062014004130936,0.10996852818898618,0.5423116997810761,28,0.07539710838525603,0.13520594248167392,-0.31705713541257885,5,0.004660959820407584,2794.990078992013
2019-11-11,2794.990078992013,2829.9823542869935,2704.7785433538315,3104.764811438295,2965084194,0.05380224071237627,0.28951837002984504,0.08549299744024848,0.44583749127901595,34,0.11039806042414423,0.20161681162567602,-0.3610738690706294,2,-0.0007042411135332775,2803.701683767752
2019-11-12,2803.701683767752,2827.9900659705427,2703.30667666301,3089.6484855907306,3942180037,-0.19447568934197645,0.1419851878255211,0.13698535289554165,0.387157021701996,31,0.16095062439793897,0.17506709019744557,0.0648120747000876,4,0.001629672743217366,2804.2159239205157
2019-11-13,2804.2159239205157,2832.602521674989,2703.4541481275332,3086.030035036738,2773138916,-0.10301848292571658,0.13173290408451976,0.16258774472635318,0.6952143864622367,40,0.009211346837991274,0.15772686586774046,-0.05914321789912236,2,0.0008786645636227784,2795.5939656970813
2019-11-14,2795.5939656970813,2835.0925229113373,2706.2348017704267,3066.6390004237064,3863479028,-0.052797459495164345,0.08722201258311117,0.23720658424082663,0.4816006484784459,26,0.161615856471166,0.07485731005147458,0.03842588533139207,2,0.008650393502426083,2789.8715360230017
2019-11-15,2789.8715360230017,2859.723569378979,2701.9167243279517,3053.9677778358205,2380343354,0.1005943333606173,0.12640105387255374,0.21278689622041852,0.5753096943120948,32,0.03557762480980469,0.000605555324470175,0.016858552406710303,3,0.0031270863576247795,2795.308318014479
2019-11-18,2795.308318014479,2868.6801686704557,2695.690286524733,3060.051095084975,3357880132,0.015679427696497772,0.26916269045705016,0.2052321418696078,0.3562211870313443,41,0.1029367234242878,0.05222450259342878,-0.11983760712741581,4,-0.00035679240717793545,2789.4653849607416
2019-11-19,2789.4653849607416,2867.6568279386097,2697.2570485655147,3066.337496354182,2443708576,0.41939197321441735,0.2990835844068118,0.1380937366524136,0.49423587986375905,19,0.16165508791118754,0.035119812427250596,0.1419787318587783,5,-0.0026692630527461567,2791.1970536773974
2019-11-20,2791.1970536773974,2860.0125044138063,2689.4300663445943,3069.7411568484613,2031073264,-0.003036517094169744,0.1420773826267121,0.26036188827119,0.3110146879477862,19,0.050764215631338976,0.134725423503284,0.20680150473311254,2,-0.004503662775772602,2791.5616283966283
2019-11-21,2791.5616283966283,2847.1609338517455,2692.6960883903103,3062.0053477034276,2363657906,0.4921580148233127,0.16215265773863563,0.16782179184954116,0.5021820471641799,45,0.049161487861230604,0.1836774452285534,-0.3882973928978595,3,0.000571532142025161,2786.3488256157816
2019-11-22,2786.3488256157816,2848.788642938683,2679.0754195564073,3061.6236568542918,2178554061,0.35142495774509575,0.23051773455068425,0.29477623450378865,0.6856069628470809,17,0.08055287969245038,0.06392550260544246,-0.23420616018489737,4,-0.002126251459337157,2803.500378330384
2019-11-25,2803.500378330384,2842.7378369764087,2687.3086646550128,3061.5948365415675,2808346635,-0.2914894856426642,0.27154894511626865,0.2085355345739342,0.4536826851943201,29,0.1789285595155269,0.28171712879015615,0.17058869446666947,4,-0.004010521369463884,2808.5717305089283
2019-11-26,2808.5717305089283,2831.3598072996274,2691.0894445143167,3052.327919028027,2637129193,0.43059521464391626,0.19826108354669603,0.08156618539112569,0.3155984050299646,41,8.855628744157684e-05,0.0020046387671663335,-0.09070386189293267,1,-0.0018285608538068166,2792.3705898156672
2019-11-27,2792.3705898156672,2826.1872242256873,2693.137682388828,3064.355105442164,3706729747,-0.3836336021145239,0.14788142454445735,0.2190443905188585,0.3123823163677374,59,0.180276619328387,0.23169030454960285,0.1299871575532865,1,-0.0030662001810119167,2793.8622243338227
2019-11-28,2793.8622243338227,2817.534840196772,2700.999210260392,3071.3740037667694,3997669591,0.3174497084911916,0.15315546021215592,0.13127600385792476,0.4551947039787478,23,0.030761404928321558,0.18756143085913266,-0.1224298722123533,2,0.004778967555545455,2788.5679326156755
2019-11-29,2788.5679326156755,2831.031973277353,2714.3230058160925,3069.606290376132,2798725370,-0.11937670652341992,0.22390453662420173,0.22158179917152437,0.3640099745852776,59,0.19801727521349644,0.11206644031430457,-0.08739587813629035,1,0.002488261086971115,2795.3873992940453
2019-12-02,2795.3873992940453,2838.085091332948,2722.437966336238,3069.8213770880884,2021217066,0.3779743204450695,0.05080456590106967,0.06741028704060144,0.30934083853127436,37,0.19096939860769363,0.015146683323722376,-0.2730569010482521,2,-2.247355000895181e-05,2789.0472333865837
2019-12-03,2789.0472333865837,2838.0213102024154,2707.7109724855845,3071.4884395516688,2074645629,0.36805669010745035,0.20489733436496016,0.09372035929398985,0.6024854455800708,55,0.09893503791825667,0.1882459715352838,-0.193415184267072,5,0.0041630856088389,2788.129341854849
2019-12-04,2788.129341854849,2849.8608633135354,2697.474356751699,3055.1545606042746,3940516833,0.30592540011762115,0.13887325261033934,0.2639343147264466,0.48340920355275624,33,0.10254404956252564,0.11568405385969441,0.08432940600606981,2,0.00021716121863939975,2792.1692400866923
2019-12-05,2792.1692400866923,2850.4798097747166,2692.4758081301334,3053.17714154411,3387835608,0.2900304363070614,0.24854933281927105,0.10679488925587872,0.41569790878906177,24,0.09630986805517086,0.28088014182396576,-0.053469510947866894,1,-0.0024201591358087838,2799.095281640053
2019-12-06,2799.095281640053,2843.5895361640905,2692.68453653182,3047.721267560127,2597515569,-0.19532086090195921,0.07324765995578304,0.25926028131073503,0.6600332732065922,31,0.12708872913190453,0.16259702246692978,0.21944214635567616,5,0.0042759195744108015,2789.492910383607
2019-12-09,2789.492910383607,2855.7745287822477,2696.825808695573,3039.708307480968,3580197048,-0.4190807169487478,0.19705056673709764,0.11981902211360261,0.3464555840802102,39,0.018144340446986207,0.28189545338805244,0.28206796395067424,1,0.0015085327185018844,2786.8169004968795
2019-12-10,2786.8169004968795,2860.085809131725,2691.0198581903455,3037.45950513788,2344079398,-0.09701982123483854,0.17024322247153095,0.21072047751467693,0.6823675315821276,13,0.006523589668313301,0.06614510804199122,0.0333171345734079,2,-0.0029055177275029136,2783.0173380075917
2019-12-11,2783.0173380075917,2851.7878398971134,2692.513992306162,3051.8409973526764,3953092830,-0.32647548501349133,0.21058138147630684,0.22353764337745774,0.4255866869509411,22,0.011540585683179772,0.217717773109231,0.2066138336448473,3,-0.0005340916574357115,2777.790704147002
2019-12-12,2777.790704147002,2850.2651304724445,2686.4709288473355,3056.9677402428124,3091886263,0.1949510889024617,0.06621339862074209,0.17816368828626322,0.6553614689234725,32,0.08887306984830289,0.1851747062546177,-0.154476389444344,4,-0.0024606721404220847,2791.914338069251
2019-12-13,2791.914338069251,2843.260184445366,2681.5787864234,3052.3983083245503,2066984430,-0.15390027346221447,0.1949959468570328,0.1263276691741828,0.5411771505917846,17,0.05510958784389668,0.22182246894939353,-0.06802302767993745,1,-0.0038983327561428515,2795.1541917569384
